unknown_1,11:20:13,2025-06-06,Unknown Entry
unknown_2,11:20:13,2025-06-06,Unknown Entry
unknown_3,11:20:14,2025-06-06,Unknown Entry
unknown_4,11:20:14,2025-06-06,Unknown Entry
unknown_5,11:20:15,2025-06-06,Unknown Entry
unknown_6,11:20:16,2025-06-06,Unknown Entry
unknown_7,11:20:18,2025-06-06,Unknown Entry
unknown_8,11:20:18,2025-06-06,Unknown Entry
unknown_9,11:20:18,2025-06-06,Unknown Entry
unknown_10,11:20:19,2025-06-06,Unknown Entry
unknown_11,11:20:19,2025-06-06,Unknown Entry
unknown_12,11:20:20,2025-06-06,Unknown Entry
unknown_13,11:20:20,2025-06-06,Unknown Entry
jayant,11:20:20,2025-06-06,The Creator
unknown_14,11:20:21,2025-06-06,Unknown Entry
unknown_15,11:20:21,2025-06-06,Unknown Entry
unknown_16,11:20:21,2025-06-06,Unknown Entry
unknown_17,11:20:22,2025-06-06,Unknown Entry
unknown_1,11:34:08,2025-06-06,Unknown Entry
unknown_2,11:34:08,2025-06-06,Unknown Entry
unknown_3,11:34:09,2025-06-06,Unknown Entry
unknown_4,11:34:09,2025-06-06,Unknown Entry
unknown_5,11:34:11,2025-06-06,Unknown Entry
unknown_6,11:34:12,2025-06-06,Unknown Entry
unknown_7,11:34:20,2025-06-06,Unknown Entry
unknown_8,11:34:20,2025-06-06,Unknown Entry
unknown_9,11:34:20,2025-06-06,Unknown Entry
unknown_10,11:34:21,2025-06-06,Unknown Entry
unknown_11,11:34:21,2025-06-06,Unknown Entry
unknown_12,11:34:21,2025-06-06,Unknown Entry
unknown_13,11:34:21,2025-06-06,Unknown Entry
unknown_14,11:34:22,2025-06-06,Unknown Entry
unknown_15,11:34:23,2025-06-06,Unknown Entry
jayant,11:34:23,2025-06-06,The Creator
unknown_16,11:34:24,2025-06-06,Unknown Entry
unknown_17,11:34:24,2025-06-06,Unknown Entry
unknown_18,11:34:24,2025-06-06,Unknown Entry
unknown_19,11:34:24,2025-06-06,Unknown Entry
unknown_20,11:34:30,2025-06-06,Unknown Entry
unknown_21,11:34:30,2025-06-06,Unknown Entry
unknown_22,11:34:30,2025-06-06,Unknown Entry
unknown_23,11:34:31,2025-06-06,Unknown Entry
unknown_24,11:34:31,2025-06-06,Unknown Entry
unknown_25,11:34:31,2025-06-06,Unknown Entry
unknown_26,11:34:31,2025-06-06,Unknown Entry
unknown_27,11:34:32,2025-06-06,Unknown Entry
unknown_28,11:34:32,2025-06-06,Unknown Entry
unknown_29,11:34:32,2025-06-06,Unknown Entry
unknown_30,11:34:32,2025-06-06,Unknown Entry
unknown_31,11:34:33,2025-06-06,Unknown Entry
unknown_32,11:34:33,2025-06-06,Unknown Entry
unknown_33,11:34:33,2025-06-06,Unknown Entry
unknown_34,11:34:33,2025-06-06,Unknown Entry
unknown_35,11:34:34,2025-06-06,Unknown Entry
unknown_36,11:34:34,2025-06-06,Unknown Entry
unknown_37,11:34:34,2025-06-06,Unknown Entry
unknown_38,11:34:34,2025-06-06,Unknown Entry
unknown_39,11:34:35,2025-06-06,Unknown Entry
unknown_40,11:34:35,2025-06-06,Unknown Entry
unknown_41,11:34:35,2025-06-06,Unknown Entry
unknown_42,11:34:36,2025-06-06,Unknown Entry
unknown_43,11:34:36,2025-06-06,Unknown Entry
unknown_44,11:34:36,2025-06-06,Unknown Entry
unknown_45,11:34:36,2025-06-06,Unknown Entry
unknown_46,11:34:37,2025-06-06,Unknown Entry
unknown_47,11:34:37,2025-06-06,Unknown Entry
unknown_48,11:34:37,2025-06-06,Unknown Entry
unknown_49,11:34:38,2025-06-06,Unknown Entry
unknown_50,11:34:38,2025-06-06,Unknown Entry
unknown_51,11:34:38,2025-06-06,Unknown Entry
unknown_52,11:34:38,2025-06-06,Unknown Entry
unknown_53,11:34:39,2025-06-06,Unknown Entry
unknown_54,11:34:39,2025-06-06,Unknown Entry
unknown_55,11:34:42,2025-06-06,Unknown Entry
unknown_56,11:34:42,2025-06-06,Unknown Entry
unknown_57,11:34:42,2025-06-06,Unknown Entry
unknown_58,11:34:43,2025-06-06,Unknown Entry
unknown_59,11:34:43,2025-06-06,Unknown Entry
unknown_60,11:34:43,2025-06-06,Unknown Entry
unknown_61,11:34:43,2025-06-06,Unknown Entry
unknown_62,11:34:43,2025-06-06,Unknown Entry
unknown_63,11:34:44,2025-06-06,Unknown Entry
unknown_64,11:34:44,2025-06-06,Unknown Entry
unknown_65,11:34:44,2025-06-06,Unknown Entry
unknown_66,11:34:44,2025-06-06,Unknown Entry
unknown_67,11:34:45,2025-06-06,Unknown Entry
unknown_68,11:34:45,2025-06-06,Unknown Entry
unknown_69,11:34:45,2025-06-06,Unknown Entry
unknown_70,11:34:45,2025-06-06,Unknown Entry
unknown_71,11:34:46,2025-06-06,Unknown Entry
unknown_72,11:34:46,2025-06-06,Unknown Entry
unknown_73,11:34:46,2025-06-06,Unknown Entry
unknown_74,11:34:46,2025-06-06,Unknown Entry
unknown_75,11:34:47,2025-06-06,Unknown Entry
unknown_76,11:34:47,2025-06-06,Unknown Entry
unknown_77,11:34:47,2025-06-06,Unknown Entry
unknown_78,11:34:47,2025-06-06,Unknown Entry
unknown_79,11:34:47,2025-06-06,Unknown Entry
unknown_80,11:34:48,2025-06-06,Unknown Entry
unknown_81,11:34:48,2025-06-06,Unknown Entry
unknown_82,11:34:49,2025-06-06,Unknown Entry
unknown_83,11:34:49,2025-06-06,Unknown Entry
unknown_84,11:34:49,2025-06-06,Unknown Entry
unknown_85,11:34:51,2025-06-06,Unknown Entry
unknown_86,11:34:53,2025-06-06,Unknown Entry
unknown_87,11:34:53,2025-06-06,Unknown Entry
unknown_88,11:34:53,2025-06-06,Unknown Entry
unknown_89,11:34:54,2025-06-06,Unknown Entry
unknown_90,11:34:54,2025-06-06,Unknown Entry
unknown_91,11:34:55,2025-06-06,Unknown Entry
unknown_92,11:34:55,2025-06-06,Unknown Entry
unknown_93,11:34:55,2025-06-06,Unknown Entry
unknown_94,11:34:56,2025-06-06,Unknown Entry
unknown_95,11:34:57,2025-06-06,Unknown Entry
unknown_96,11:34:58,2025-06-06,Unknown Entry
unknown_97,11:34:58,2025-06-06,Unknown Entry
unknown_98,11:34:59,2025-06-06,Unknown Entry
unknown_99,11:34:59,2025-06-06,Unknown Entry
unknown_100,11:35:00,2025-06-06,Unknown Entry
unknown_101,11:35:00,2025-06-06,Unknown Entry
unknown_102,11:35:00,2025-06-06,Unknown Entry
unknown_103,11:35:01,2025-06-06,Unknown Entry
unknown_104,11:35:01,2025-06-06,Unknown Entry
unknown_105,11:35:02,2025-06-06,Unknown Entry
unknown_106,11:35:02,2025-06-06,Unknown Entry
unknown_107,11:35:02,2025-06-06,Unknown Entry
unknown_108,11:35:02,2025-06-06,Unknown Entry
unknown_109,11:35:03,2025-06-06,Unknown Entry
unknown_110,11:35:03,2025-06-06,Unknown Entry
unknown_111,11:35:03,2025-06-06,Unknown Entry
unknown_112,11:35:11,2025-06-06,Unknown Entry
unknown_113,11:35:11,2025-06-06,Unknown Entry
unknown_114,11:35:12,2025-06-06,Unknown Entry
unknown_115,11:35:12,2025-06-06,Unknown Entry
unknown_116,11:35:12,2025-06-06,Unknown Entry
lucky_sain,11:35:12,2025-06-06,The Creator
unknown_117,11:35:13,2025-06-06,Unknown Entry
unknown_118,11:35:13,2025-06-06,Unknown Entry
unknown_119,11:35:13,2025-06-06,Unknown Entry
unknown_120,11:35:15,2025-06-06,Unknown Entry
unknown_121,11:35:15,2025-06-06,Unknown Entry
unknown_122,11:35:15,2025-06-06,Unknown Entry
unknown_123,11:35:15,2025-06-06,Unknown Entry
unknown_124,11:35:16,2025-06-06,Unknown Entry
unknown_125,11:35:16,2025-06-06,Unknown Entry
unknown_126,11:35:16,2025-06-06,Unknown Entry
unknown_127,11:35:17,2025-06-06,Unknown Entry
unknown_128,11:35:17,2025-06-06,Unknown Entry
unknown_129,11:35:17,2025-06-06,Unknown Entry
unknown_130,11:35:18,2025-06-06,Unknown Entry
unknown_131,11:35:18,2025-06-06,Unknown Entry
unknown_132,11:35:18,2025-06-06,Unknown Entry
unknown_133,11:35:18,2025-06-06,Unknown Entry
unknown_134,11:35:19,2025-06-06,Unknown Entry
unknown_135,11:35:19,2025-06-06,Unknown Entry
unknown_136,11:35:20,2025-06-06,Unknown Entry
unknown_137,11:35:20,2025-06-06,Unknown Entry
unknown_138,11:35:20,2025-06-06,Unknown Entry
unknown_139,11:35:22,2025-06-06,Unknown Entry
unknown_140,11:35:22,2025-06-06,Unknown Entry
unknown_141,11:35:22,2025-06-06,Unknown Entry
unknown_142,11:35:22,2025-06-06,Unknown Entry
unknown_143,11:35:23,2025-06-06,Unknown Entry
unknown_144,11:35:24,2025-06-06,Unknown Entry
unknown_145,11:35:25,2025-06-06,Unknown Entry
unknown_146,11:35:25,2025-06-06,Unknown Entry
unknown_147,11:35:25,2025-06-06,Unknown Entry
unknown_148,11:35:25,2025-06-06,Unknown Entry
unknown_149,11:35:26,2025-06-06,Unknown Entry
unknown_150,11:35:26,2025-06-06,Unknown Entry
unknown_151,11:35:26,2025-06-06,Unknown Entry
unknown_152,11:35:27,2025-06-06,Unknown Entry
unknown_153,11:35:27,2025-06-06,Unknown Entry
unknown_154,11:35:27,2025-06-06,Unknown Entry
unknown_155,11:35:28,2025-06-06,Unknown Entry
unknown_156,11:35:28,2025-06-06,Unknown Entry
unknown_157,11:35:28,2025-06-06,Unknown Entry
unknown_158,11:35:29,2025-06-06,Unknown Entry
unknown_159,11:35:29,2025-06-06,Unknown Entry
unknown_160,11:35:30,2025-06-06,Unknown Entry
unknown_161,11:35:30,2025-06-06,Unknown Entry
unknown_162,11:35:30,2025-06-06,Unknown Entry
unknown_163,11:35:31,2025-06-06,Unknown Entry
unknown_164,11:35:31,2025-06-06,Unknown Entry
unknown_165,11:35:31,2025-06-06,Unknown Entry
unknown_166,11:35:32,2025-06-06,Unknown Entry
unknown_167,11:35:32,2025-06-06,Unknown Entry
unknown_168,11:35:33,2025-06-06,Unknown Entry
unknown_169,11:35:33,2025-06-06,Unknown Entry
unknown_170,11:35:34,2025-06-06,Unknown Entry
unknown_171,11:35:36,2025-06-06,Unknown Entry
unknown_172,11:35:37,2025-06-06,Unknown Entry
unknown_173,11:35:38,2025-06-06,Unknown Entry
unknown_174,11:35:39,2025-06-06,Unknown Entry
unknown_175,11:35:39,2025-06-06,Unknown Entry
unknown_176,11:35:45,2025-06-06,Unknown Entry
unknown_177,11:35:45,2025-06-06,Unknown Entry
unknown_178,11:35:46,2025-06-06,Unknown Entry
unknown_179,11:35:46,2025-06-06,Unknown Entry
unknown_180,11:35:46,2025-06-06,Unknown Entry
unknown_181,11:35:47,2025-06-06,Unknown Entry
unknown_182,11:35:47,2025-06-06,Unknown Entry
unknown_183,11:35:47,2025-06-06,Unknown Entry
unknown_184,11:35:48,2025-06-06,Unknown Entry
unknown_185,11:35:48,2025-06-06,Unknown Entry
unknown_186,11:35:51,2025-06-06,Unknown Entry
unknown_187,11:35:51,2025-06-06,Unknown Entry
unknown_188,11:35:51,2025-06-06,Unknown Entry
unknown_189,11:35:52,2025-06-06,Unknown Entry
unknown_190,11:35:52,2025-06-06,Unknown Entry
unknown_191,11:35:53,2025-06-06,Unknown Entry
unknown_192,11:35:54,2025-06-06,Unknown Entry
unknown_193,11:35:55,2025-06-06,Unknown Entry
unknown_194,11:35:55,2025-06-06,Unknown Entry
unknown_195,11:35:56,2025-06-06,Unknown Entry
unknown_196,11:35:57,2025-06-06,Unknown Entry
unknown_197,11:35:58,2025-06-06,Unknown Entry
unknown_198,11:35:59,2025-06-06,Unknown Entry
unknown_199,11:36:02,2025-06-06,Unknown Entry
unknown_200,11:36:03,2025-06-06,Unknown Entry
unknown_201,11:36:04,2025-06-06,Unknown Entry
unknown_202,11:36:04,2025-06-06,Unknown Entry
unknown_203,11:36:04,2025-06-06,Unknown Entry
unknown_204,11:36:04,2025-06-06,Unknown Entry
unknown_205,11:36:05,2025-06-06,Unknown Entry
unknown_206,11:36:05,2025-06-06,Unknown Entry
unknown_207,11:36:05,2025-06-06,Unknown Entry
unknown_208,11:36:05,2025-06-06,Unknown Entry
unknown_209,11:36:06,2025-06-06,Unknown Entry
unknown_210,11:36:07,2025-06-06,Unknown Entry
unknown_211,11:36:07,2025-06-06,Unknown Entry
unknown_212,11:36:11,2025-06-06,Unknown Entry
unknown_213,11:36:11,2025-06-06,Unknown Entry
unknown_214,11:36:11,2025-06-06,Unknown Entry
unknown_215,11:36:12,2025-06-06,Unknown Entry
unknown_216,11:36:14,2025-06-06,Unknown Entry
unknown_217,11:36:14,2025-06-06,Unknown Entry
unknown_218,11:36:15,2025-06-06,Unknown Entry
unknown_219,11:36:15,2025-06-06,Unknown Entry
unknown_220,11:36:15,2025-06-06,Unknown Entry
unknown_221,11:36:16,2025-06-06,Unknown Entry
unknown_222,11:36:16,2025-06-06,Unknown Entry
unknown_223,11:36:16,2025-06-06,Unknown Entry
unknown_224,11:36:17,2025-06-06,Unknown Entry
unknown_225,11:36:18,2025-06-06,Unknown Entry
unknown_226,11:36:19,2025-06-06,Unknown Entry
unknown_227,11:36:19,2025-06-06,Unknown Entry
unknown_228,11:36:19,2025-06-06,Unknown Entry
unknown_229,11:36:20,2025-06-06,Unknown Entry
unknown_230,11:36:20,2025-06-06,Unknown Entry
unknown_231,11:36:20,2025-06-06,Unknown Entry
unknown_232,11:36:21,2025-06-06,Unknown Entry
unknown_233,11:36:21,2025-06-06,Unknown Entry
unknown_234,11:36:21,2025-06-06,Unknown Entry
unknown_235,11:36:22,2025-06-06,Unknown Entry
unknown_236,11:36:22,2025-06-06,Unknown Entry
unknown_237,11:36:23,2025-06-06,Unknown Entry
unknown_238,11:36:24,2025-06-06,Unknown Entry
unknown_239,11:36:24,2025-06-06,Unknown Entry
unknown_240,11:36:24,2025-06-06,Unknown Entry
unknown_241,11:36:29,2025-06-06,Unknown Entry
unknown_242,11:36:29,2025-06-06,Unknown Entry
unknown_243,11:36:30,2025-06-06,Unknown Entry
unknown_244,11:36:31,2025-06-06,Unknown Entry
unknown_245,11:36:31,2025-06-06,Unknown Entry
unknown_246,11:36:31,2025-06-06,Unknown Entry
unknown_247,11:36:32,2025-06-06,Unknown Entry
unknown_248,11:36:33,2025-06-06,Unknown Entry
unknown_249,11:36:33,2025-06-06,Unknown Entry
unknown_250,11:36:35,2025-06-06,Unknown Entry
unknown_251,11:36:35,2025-06-06,Unknown Entry
unknown_252,11:36:36,2025-06-06,Unknown Entry
unknown_253,11:36:37,2025-06-06,Unknown Entry
unknown_254,11:36:37,2025-06-06,Unknown Entry
unknown_255,11:36:37,2025-06-06,Unknown Entry
unknown_256,11:36:37,2025-06-06,Unknown Entry
unknown_257,11:36:38,2025-06-06,Unknown Entry
unknown_258,11:36:38,2025-06-06,Unknown Entry
unknown_259,11:36:38,2025-06-06,Unknown Entry
unknown_260,11:36:39,2025-06-06,Unknown Entry
unknown_261,11:36:39,2025-06-06,Unknown Entry
unknown_262,11:36:39,2025-06-06,Unknown Entry
unknown_263,11:36:40,2025-06-06,Unknown Entry
unknown_264,11:36:40,2025-06-06,Unknown Entry
unknown_265,11:36:40,2025-06-06,Unknown Entry
unknown_266,11:36:41,2025-06-06,Unknown Entry
unknown_267,11:36:41,2025-06-06,Unknown Entry
